0.000000000000000000e+00,2.594642937183380127e-01,1.803267121315002441e+00
1.000000000000000000e+00,4.074999988079071045e-01,1.491676211357116699e+00
2.000000000000000000e+00,4.746428430080413818e-01,1.305860042572021484e+00
3.000000000000000000e+00,5.192857384681701660e-01,1.192299127578735352e+00
4.000000000000000000e+00,5.382142663002014160e-01,1.126083254814147949e+00
5.000000000000000000e+00,5.630357265472412109e-01,1.065388321876525879e+00
6.000000000000000000e+00,5.844643115997314453e-01,1.013174414634704590e+00
7.000000000000000000e+00,5.846428275108337402e-01,9.909349679946899414e-01
8.000000000000000000e+00,5.969642996788024902e-01,9.564896225929260254e-01
9.000000000000000000e+00,5.980356931686401367e-01,9.460445642471313477e-01
1.000000000000000000e+01,6.091071367263793945e-01,9.353878498077392578e-01
1.100000000000000000e+01,6.130357384681701660e-01,9.170935750007629395e-01
1.200000000000000000e+01,6.189285516738891602e-01,8.992128372192382812e-01
1.300000000000000000e+01,6.230357289314270020e-01,8.848755955696105957e-01
1.400000000000000000e+01,6.225000023841857910e-01,8.728234767913818359e-01
1.500000000000000000e+01,6.330357193946838379e-01,8.640138506889343262e-01
1.600000000000000000e+01,6.335714459419250488e-01,8.379186987876892090e-01
1.700000000000000000e+01,6.382142901420593262e-01,8.336415290832519531e-01
1.800000000000000000e+01,6.458928585052490234e-01,8.347350358963012695e-01
1.900000000000000000e+01,6.401785612106323242e-01,8.264548778533935547e-01
2.000000000000000000e+01,6.367856860160827637e-01,8.241283893585205078e-01
2.100000000000000000e+01,6.416071653366088867e-01,8.141496777534484863e-01
2.200000000000000000e+01,6.442857384681701660e-01,8.135839700698852539e-01
2.300000000000000000e+01,6.512500047683715820e-01,8.113261461257934570e-01
2.400000000000000000e+01,6.532142758369445801e-01,7.964431047439575195e-01
2.500000000000000000e+01,6.535714268684387207e-01,7.966364622116088867e-01
2.600000000000000000e+01,6.562500000000000000e-01,7.890602946281433105e-01
2.700000000000000000e+01,6.614285707473754883e-01,7.765976190567016602e-01
2.800000000000000000e+01,6.598214507102966309e-01,7.791000008583068848e-01
2.900000000000000000e+01,6.571428775787353516e-01,7.754355072975158691e-01
3.000000000000000000e+01,6.750000119209289551e-01,7.468225955963134766e-01
3.100000000000000000e+01,6.675000190734863281e-01,7.478668093681335449e-01
3.200000000000000000e+01,6.833928823471069336e-01,7.426385283470153809e-01
3.300000000000000000e+01,6.823214292526245117e-01,7.385713458061218262e-01
3.400000000000000000e+01,6.780357360839843750e-01,7.417594790458679199e-01
3.500000000000000000e+01,6.821428537368774414e-01,7.345020174980163574e-01
3.600000000000000000e+01,6.805357336997985840e-01,7.396084070205688477e-01
3.700000000000000000e+01,6.780357360839843750e-01,7.439559698104858398e-01
3.800000000000000000e+01,6.730357408523559570e-01,7.394254207611083984e-01
3.900000000000000000e+01,6.764285564422607422e-01,7.418546080589294434e-01
4.000000000000000000e+01,6.791071295738220215e-01,7.380815148353576660e-01
4.100000000000000000e+01,6.814285516738891602e-01,7.309895753860473633e-01
4.200000000000000000e+01,6.789285540580749512e-01,7.342595458030700684e-01
4.300000000000000000e+01,6.832143068313598633e-01,7.344066500663757324e-01
4.400000000000000000e+01,6.826785802841186523e-01,7.324218750000000000e-01
4.500000000000000000e+01,6.869642734527587891e-01,7.383355498313903809e-01
4.600000000000000000e+01,6.753571629524230957e-01,7.397012710571289062e-01
4.700000000000000000e+01,6.828571557998657227e-01,7.316607832908630371e-01
4.800000000000000000e+01,6.855357289314270020e-01,7.292373776435852051e-01
4.900000000000000000e+01,6.789285540580749512e-01,7.346854209899902344e-01
5.000000000000000000e+01,6.869642734527587891e-01,7.291369438171386719e-01
5.100000000000000000e+01,6.819642782211303711e-01,7.325277924537658691e-01
5.200000000000000000e+01,6.778571605682373047e-01,7.351815104484558105e-01
5.300000000000000000e+01,6.839285492897033691e-01,7.307123541831970215e-01
5.400000000000000000e+01,6.841071248054504395e-01,7.281665802001953125e-01
5.500000000000000000e+01,6.758928298950195312e-01,7.357464432716369629e-01
5.600000000000000000e+01,6.871428489685058594e-01,7.292048335075378418e-01
5.700000000000000000e+01,6.787499785423278809e-01,7.292348146438598633e-01
5.800000000000000000e+01,6.860714554786682129e-01,7.229436635971069336e-01
5.900000000000000000e+01,6.723214387893676758e-01,7.334057688713073730e-01
6.000000000000000000e+01,6.862499713897705078e-01,7.255323529243469238e-01
6.100000000000000000e+01,6.876785755157470703e-01,7.200652360916137695e-01
6.200000000000000000e+01,6.855357289314270020e-01,7.193222641944885254e-01
6.300000000000000000e+01,6.785714030265808105e-01,7.245841622352600098e-01
6.400000000000000000e+01,6.894642710685729980e-01,7.226385474205017090e-01
6.500000000000000000e+01,6.917856931686401367e-01,7.234702706336975098e-01
6.600000000000000000e+01,6.875000000000000000e-01,7.234345078468322754e-01
6.700000000000000000e+01,6.887500286102294922e-01,7.183991074562072754e-01
6.800000000000000000e+01,6.866071224212646484e-01,7.224662899971008301e-01
6.900000000000000000e+01,6.896428465843200684e-01,7.187253236770629883e-01
7.000000000000000000e+01,6.823214292526245117e-01,7.217396497726440430e-01
7.100000000000000000e+01,6.923214197158813477e-01,7.194149494171142578e-01
7.200000000000000000e+01,6.819642782211303711e-01,7.237980365753173828e-01
7.300000000000000000e+01,6.919642686843872070e-01,7.177736759185791016e-01
7.400000000000000000e+01,6.930357217788696289e-01,7.178725600242614746e-01
7.500000000000000000e+01,6.839285492897033691e-01,7.216041088104248047e-01
7.600000000000000000e+01,6.919642686843872070e-01,7.187225222587585449e-01
7.700000000000000000e+01,6.923214197158813477e-01,7.195835113525390625e-01
7.800000000000000000e+01,6.908928751945495605e-01,7.137528061866760254e-01
7.900000000000000000e+01,6.853571534156799316e-01,7.198486924171447754e-01
8.000000000000000000e+01,6.844642758369445801e-01,7.146655917167663574e-01
8.100000000000000000e+01,6.889285445213317871e-01,7.146676778793334961e-01
8.200000000000000000e+01,6.862499713897705078e-01,7.200901508331298828e-01
8.300000000000000000e+01,6.878571510314941406e-01,7.174706459045410156e-01
8.400000000000000000e+01,6.844642758369445801e-01,7.142897844314575195e-01
8.500000000000000000e+01,6.896428465843200684e-01,7.149183154106140137e-01
8.600000000000000000e+01,6.889285445213317871e-01,7.193515896797180176e-01
8.700000000000000000e+01,6.958928704261779785e-01,7.048686146736145020e-01
8.800000000000000000e+01,6.878571510314941406e-01,7.110366821289062500e-01
8.900000000000000000e+01,6.921428442001342773e-01,7.123223543167114258e-01
9.000000000000000000e+01,6.928571462631225586e-01,7.090799212455749512e-01
9.100000000000000000e+01,6.832143068313598633e-01,7.094630599021911621e-01
9.200000000000000000e+01,6.941071152687072754e-01,7.090224027633666992e-01
9.300000000000000000e+01,6.955357193946838379e-01,7.077681422233581543e-01
9.400000000000000000e+01,6.882143020629882812e-01,7.089566588401794434e-01
9.500000000000000000e+01,6.908928751945495605e-01,7.157567739486694336e-01
9.600000000000000000e+01,6.955357193946838379e-01,7.056692242622375488e-01
9.700000000000000000e+01,6.971428394317626953e-01,7.099084258079528809e-01
9.800000000000000000e+01,6.903571486473083496e-01,7.096443772315979004e-01
9.900000000000000000e+01,6.969642639160156250e-01,7.039174437522888184e-01
1.000000000000000000e+02,6.994642615318298340e-01,7.029561400413513184e-01
1.010000000000000000e+02,6.917856931686401367e-01,7.025801539421081543e-01
1.020000000000000000e+02,6.910714507102966309e-01,7.116128206253051758e-01
1.030000000000000000e+02,6.976785659790039062e-01,7.017285823822021484e-01
1.040000000000000000e+02,6.955357193946838379e-01,7.030471563339233398e-01
1.050000000000000000e+02,6.969642639160156250e-01,6.975898742675781250e-01
1.060000000000000000e+02,6.942856907844543457e-01,7.077642083168029785e-01
1.070000000000000000e+02,6.941071152687072754e-01,7.066054940223693848e-01
1.080000000000000000e+02,7.008928656578063965e-01,6.947838068008422852e-01
1.090000000000000000e+02,6.967856884002685547e-01,7.010577321052551270e-01
1.100000000000000000e+02,6.998214125633239746e-01,7.024563550949096680e-01
1.110000000000000000e+02,6.980357170104980469e-01,6.987839341163635254e-01
1.120000000000000000e+02,7.017857432365417480e-01,6.990368366241455078e-01
1.130000000000000000e+02,6.999999880790710449e-01,6.966291069984436035e-01
1.140000000000000000e+02,6.949999928474426270e-01,6.977456808090209961e-01
1.150000000000000000e+02,6.882143020629882812e-01,7.021493315696716309e-01
1.160000000000000000e+02,7.010714411735534668e-01,6.940216422080993652e-01
1.170000000000000000e+02,6.964285969734191895e-01,6.956086754798889160e-01
1.180000000000000000e+02,6.982142925262451172e-01,6.952756047248840332e-01
1.190000000000000000e+02,6.951785683631896973e-01,7.026484608650207520e-01
1.200000000000000000e+02,7.026785612106323242e-01,6.935242414474487305e-01
1.210000000000000000e+02,7.083928585052490234e-01,6.902976632118225098e-01
1.220000000000000000e+02,6.994642615318298340e-01,6.949592828750610352e-01
1.230000000000000000e+02,7.037500143051147461e-01,6.897960305213928223e-01
1.240000000000000000e+02,6.955357193946838379e-01,6.938317418098449707e-01
1.250000000000000000e+02,6.982142925262451172e-01,6.872268915176391602e-01
1.260000000000000000e+02,7.049999833106994629e-01,6.874198913574218750e-01
1.270000000000000000e+02,6.999999880790710449e-01,6.928322315216064453e-01
1.280000000000000000e+02,7.067857384681701660e-01,6.891515851020812988e-01
1.290000000000000000e+02,7.033928632736206055e-01,6.950690746307373047e-01
1.300000000000000000e+02,7.042857408523559570e-01,6.898187398910522461e-01
1.310000000000000000e+02,7.042857408523559570e-01,6.891283988952636719e-01
1.320000000000000000e+02,7.049999833106994629e-01,6.901568770408630371e-01
1.330000000000000000e+02,7.032142877578735352e-01,6.924642324447631836e-01
1.340000000000000000e+02,7.087500095367431641e-01,6.864545345306396484e-01
1.350000000000000000e+02,7.110714316368103027e-01,6.837368607521057129e-01
1.360000000000000000e+02,7.096428275108337402e-01,6.838491559028625488e-01
1.370000000000000000e+02,7.057142853736877441e-01,6.902385354042053223e-01
1.380000000000000000e+02,7.007142901420593262e-01,6.844303607940673828e-01
1.390000000000000000e+02,7.064285874366760254e-01,6.918396949768066406e-01
1.400000000000000000e+02,7.048214077949523926e-01,6.828698515892028809e-01
1.410000000000000000e+02,7.087500095367431641e-01,6.832654476165771484e-01
1.420000000000000000e+02,7.123214006423950195e-01,6.840131282806396484e-01
1.430000000000000000e+02,7.144643068313598633e-01,6.893835663795471191e-01
1.440000000000000000e+02,7.105357050895690918e-01,6.875305175781250000e-01
1.450000000000000000e+02,7.044642567634582520e-01,6.785863637924194336e-01
1.460000000000000000e+02,7.110714316368103027e-01,6.851095557212829590e-01
1.470000000000000000e+02,7.039285898208618164e-01,6.868741512298583984e-01
1.480000000000000000e+02,7.135714292526245117e-01,6.824764609336853027e-01
1.490000000000000000e+02,7.103571295738220215e-01,6.796765327453613281e-01
1.500000000000000000e+02,7.069643139839172363e-01,6.818875670433044434e-01
1.510000000000000000e+02,7.133928537368774414e-01,6.801798343658447266e-01
1.520000000000000000e+02,7.124999761581420898e-01,6.818986535072326660e-01
1.530000000000000000e+02,7.099999785423278809e-01,6.783253550529479980e-01
1.540000000000000000e+02,7.141071557998657227e-01,6.761004924774169922e-01
1.550000000000000000e+02,7.121428847312927246e-01,6.810055375099182129e-01
1.560000000000000000e+02,7.116071581840515137e-01,6.813408732414245605e-01
1.570000000000000000e+02,7.130357027053833008e-01,6.759948730468750000e-01
1.580000000000000000e+02,7.039285898208618164e-01,6.755804419517517090e-01
1.590000000000000000e+02,7.024999856948852539e-01,6.812157630920410156e-01
1.600000000000000000e+02,7.112500071525573730e-01,6.759885549545288086e-01
1.610000000000000000e+02,7.103571295738220215e-01,6.797741055488586426e-01
1.620000000000000000e+02,7.094643115997314453e-01,6.745078563690185547e-01
1.630000000000000000e+02,7.174999713897705078e-01,6.733335256576538086e-01
1.640000000000000000e+02,7.110714316368103027e-01,6.754345297813415527e-01
1.650000000000000000e+02,7.148214578628540039e-01,6.752758622169494629e-01
1.660000000000000000e+02,7.107142806053161621e-01,6.714774966239929199e-01
1.670000000000000000e+02,7.133928537368774414e-01,6.775799989700317383e-01
1.680000000000000000e+02,7.178571224212646484e-01,6.736899614334106445e-01
1.690000000000000000e+02,7.121428847312927246e-01,6.759592890739440918e-01
1.700000000000000000e+02,7.164285778999328613e-01,6.721421480178833008e-01
1.710000000000000000e+02,7.210714221000671387e-01,6.666433811187744141e-01
1.720000000000000000e+02,7.214285731315612793e-01,6.717210412025451660e-01
1.730000000000000000e+02,7.139285802841186523e-01,6.703951358795166016e-01
1.740000000000000000e+02,7.241071462631225586e-01,6.662664413452148438e-01
1.750000000000000000e+02,7.130357027053833008e-01,6.680641174316406250e-01
1.760000000000000000e+02,7.169643044471740723e-01,6.666085720062255859e-01
1.770000000000000000e+02,7.219642996788024902e-01,6.691461801528930664e-01
1.780000000000000000e+02,7.119643092155456543e-01,6.766037344932556152e-01
1.790000000000000000e+02,7.253571152687072754e-01,6.651619076728820801e-01
1.800000000000000000e+02,7.171428799629211426e-01,6.653778553009033203e-01
1.810000000000000000e+02,7.208928465843200684e-01,6.673290133476257324e-01
1.820000000000000000e+02,7.167857289314270020e-01,6.706248521804809570e-01
1.830000000000000000e+02,7.246428728103637695e-01,6.590039730072021484e-01
1.840000000000000000e+02,7.133928537368774414e-01,6.634301543235778809e-01
1.850000000000000000e+02,7.174999713897705078e-01,6.619626879692077637e-01
1.860000000000000000e+02,7.267857193946838379e-01,6.640873551368713379e-01
1.870000000000000000e+02,7.185714244842529297e-01,6.641989350318908691e-01
1.880000000000000000e+02,7.191071510314941406e-01,6.615388989448547363e-01
1.890000000000000000e+02,7.260714173316955566e-01,6.628696918487548828e-01
1.900000000000000000e+02,7.155357003211975098e-01,6.665609478950500488e-01
1.910000000000000000e+02,7.255356907844543457e-01,6.600389480590820312e-01
1.920000000000000000e+02,7.201785445213317871e-01,6.579080820083618164e-01
1.930000000000000000e+02,7.187500000000000000e-01,6.674761772155761719e-01
1.940000000000000000e+02,7.158928513526916504e-01,6.665123701095581055e-01
1.950000000000000000e+02,7.198214530944824219e-01,6.636270284652709961e-01
1.960000000000000000e+02,7.214285731315612793e-01,6.631654500961303711e-01
1.970000000000000000e+02,7.221428751945495605e-01,6.670492291450500488e-01
1.980000000000000000e+02,7.228571176528930664e-01,6.606356501579284668e-01
1.990000000000000000e+02,7.194643020629882812e-01,6.621391177177429199e-01
2.000000000000000000e+02,7.232142686843872070e-01,6.595841050148010254e-01
2.010000000000000000e+02,7.217857241630554199e-01,6.630166769027709961e-01
2.020000000000000000e+02,7.171428799629211426e-01,6.609281897544860840e-01
2.030000000000000000e+02,7.251785993576049805e-01,6.579368710517883301e-01
2.040000000000000000e+02,7.191071510314941406e-01,6.655719280242919922e-01
2.050000000000000000e+02,7.207142710685729980e-01,6.547394394874572754e-01
2.060000000000000000e+02,7.267857193946838379e-01,6.572365164756774902e-01
2.070000000000000000e+02,7.228571176528930664e-01,6.579124927520751953e-01
2.080000000000000000e+02,7.264285683631896973e-01,6.565195322036743164e-01
2.090000000000000000e+02,7.208928465843200684e-01,6.616705060005187988e-01
2.100000000000000000e+02,7.267857193946838379e-01,6.547310948371887207e-01
2.110000000000000000e+02,7.182142734527587891e-01,6.590217351913452148e-01
2.120000000000000000e+02,7.266071438789367676e-01,6.508761644363403320e-01
2.130000000000000000e+02,7.225000262260437012e-01,6.502750515937805176e-01
2.140000000000000000e+02,7.287499904632568359e-01,6.533890366554260254e-01
2.150000000000000000e+02,7.289285659790039062e-01,6.532731056213378906e-01
2.160000000000000000e+02,7.280356884002685547e-01,6.513550877571105957e-01
2.170000000000000000e+02,7.328571677207946777e-01,6.520802974700927734e-01
2.180000000000000000e+02,7.221428751945495605e-01,6.545729041099548340e-01
2.190000000000000000e+02,7.267857193946838379e-01,6.505525708198547363e-01
2.200000000000000000e+02,7.275000214576721191e-01,6.531674861907958984e-01
2.210000000000000000e+02,7.196428775787353516e-01,6.555642485618591309e-01
2.220000000000000000e+02,7.301785945892333984e-01,6.456476449966430664e-01
2.230000000000000000e+02,7.296428680419921875e-01,6.475428342819213867e-01
2.240000000000000000e+02,7.371428608894348145e-01,6.437758803367614746e-01
2.250000000000000000e+02,7.283928394317626953e-01,6.452337503433227539e-01
2.260000000000000000e+02,7.273214459419250488e-01,6.509009599685668945e-01
2.270000000000000000e+02,7.328571677207946777e-01,6.470857262611389160e-01
2.280000000000000000e+02,7.330357432365417480e-01,6.499747633934020996e-01
2.290000000000000000e+02,7.228571176528930664e-01,6.532295346260070801e-01
2.300000000000000000e+02,7.262499928474426270e-01,6.484330296516418457e-01
2.310000000000000000e+02,7.317857146263122559e-01,6.484743952751159668e-01
2.320000000000000000e+02,7.321428656578063965e-01,6.457588076591491699e-01
2.330000000000000000e+02,7.289285659790039062e-01,6.508290767669677734e-01
2.340000000000000000e+02,7.289285659790039062e-01,6.490014791488647461e-01
2.350000000000000000e+02,7.278571724891662598e-01,6.497207283973693848e-01
2.360000000000000000e+02,7.342857122421264648e-01,6.466576457023620605e-01
2.370000000000000000e+02,7.264285683631896973e-01,6.481053829193115234e-01
2.380000000000000000e+02,7.346428632736206055e-01,6.413495540618896484e-01
2.390000000000000000e+02,7.282142639160156250e-01,6.453783512115478516e-01
2.400000000000000000e+02,7.326785922050476074e-01,6.431361436843872070e-01
2.410000000000000000e+02,7.367857098579406738e-01,6.425137519836425781e-01
2.420000000000000000e+02,7.321428656578063965e-01,6.467219591140747070e-01
2.430000000000000000e+02,7.380357384681701660e-01,6.378549337387084961e-01
2.440000000000000000e+02,7.269642949104309082e-01,6.460174918174743652e-01
2.450000000000000000e+02,7.341071367263793945e-01,6.419700980186462402e-01
2.460000000000000000e+02,7.308928370475769043e-01,6.423882246017456055e-01
2.470000000000000000e+02,7.357142567634582520e-01,6.439576148986816406e-01
2.480000000000000000e+02,7.292857170104980469e-01,6.475275754928588867e-01
2.490000000000000000e+02,7.330357432365417480e-01,6.399991512298583984e-01
2.500000000000000000e+02,7.376785874366760254e-01,6.396654844284057617e-01
2.510000000000000000e+02,7.342857122421264648e-01,6.398725509643554688e-01
2.520000000000000000e+02,7.326785922050476074e-01,6.424076557159423828e-01
2.530000000000000000e+02,7.350000143051147461e-01,6.351656913757324219e-01
2.540000000000000000e+02,7.364285588264465332e-01,6.402535438537597656e-01
2.550000000000000000e+02,7.262499928474426270e-01,6.406030058860778809e-01
2.560000000000000000e+02,7.364285588264465332e-01,6.409888267517089844e-01
2.570000000000000000e+02,7.421428561210632324e-01,6.360635757446289062e-01
2.580000000000000000e+02,7.394642829895019531e-01,6.366202831268310547e-01
2.590000000000000000e+02,7.373214364051818848e-01,6.360221505165100098e-01
2.600000000000000000e+02,7.385714054107666016e-01,6.356557011604309082e-01
2.610000000000000000e+02,7.346428632736206055e-01,6.377549767494201660e-01
2.620000000000000000e+02,7.369642853736877441e-01,6.375010013580322266e-01
2.630000000000000000e+02,7.339285612106323242e-01,6.344566941261291504e-01
2.640000000000000000e+02,7.332142591476440430e-01,6.406807303428649902e-01
2.650000000000000000e+02,7.412499785423278809e-01,6.340255141258239746e-01
2.660000000000000000e+02,7.373214364051818848e-01,6.359987854957580566e-01
2.670000000000000000e+02,7.389285564422607422e-01,6.367453932762145996e-01
2.680000000000000000e+02,7.353571653366088867e-01,6.379529833793640137e-01
2.690000000000000000e+02,7.392857074737548828e-01,6.328933835029602051e-01
2.700000000000000000e+02,7.376785874366760254e-01,6.330301165580749512e-01
2.710000000000000000e+02,7.353571653366088867e-01,6.303009390830993652e-01
2.720000000000000000e+02,7.344642877578735352e-01,6.380985975265502930e-01
2.730000000000000000e+02,7.378571629524230957e-01,6.333729624748229980e-01
2.740000000000000000e+02,7.448214292526245117e-01,6.337037682533264160e-01
2.750000000000000000e+02,7.408928275108337402e-01,6.293538808822631836e-01
2.760000000000000000e+02,7.432143092155456543e-01,6.338325142860412598e-01
2.770000000000000000e+02,7.441071271896362305e-01,6.294645667076110840e-01
2.780000000000000000e+02,7.414285540580749512e-01,6.285970211029052734e-01
2.790000000000000000e+02,7.417857050895690918e-01,6.332027912139892578e-01
2.800000000000000000e+02,7.432143092155456543e-01,6.292803883552551270e-01
2.810000000000000000e+02,7.444642782211303711e-01,6.309652924537658691e-01
2.820000000000000000e+02,7.441071271896362305e-01,6.320006251335144043e-01
2.830000000000000000e+02,7.364285588264465332e-01,6.359042525291442871e-01
2.840000000000000000e+02,7.403571605682373047e-01,6.273770928382873535e-01
2.850000000000000000e+02,7.430357336997985840e-01,6.267999410629272461e-01
2.860000000000000000e+02,7.469642758369445801e-01,6.285112500190734863e-01
2.870000000000000000e+02,7.392857074737548828e-01,6.300716996192932129e-01
2.880000000000000000e+02,7.453571557998657227e-01,6.242190599441528320e-01
2.890000000000000000e+02,7.494642734527587891e-01,6.242834329605102539e-01
2.900000000000000000e+02,7.403571605682373047e-01,6.256547570228576660e-01
2.910000000000000000e+02,7.491071224212646484e-01,6.258680224418640137e-01
2.920000000000000000e+02,7.407143115997314453e-01,6.287836432456970215e-01
2.930000000000000000e+02,7.444642782211303711e-01,6.284789443016052246e-01
2.940000000000000000e+02,7.442857027053833008e-01,6.257790923118591309e-01
2.950000000000000000e+02,7.421428561210632324e-01,6.251580119132995605e-01
2.960000000000000000e+02,7.455357313156127930e-01,6.249928474426269531e-01
2.970000000000000000e+02,7.432143092155456543e-01,6.265938282012939453e-01
2.980000000000000000e+02,7.410714030265808105e-01,6.302725076675415039e-01
2.990000000000000000e+02,7.421428561210632324e-01,6.284273862838745117e-01
3.000000000000000000e+02,7.475000023841857910e-01,6.235486865043640137e-01
3.010000000000000000e+02,7.419642806053161621e-01,6.251193881034851074e-01
3.020000000000000000e+02,7.519642710685729980e-01,6.205585002899169922e-01
3.030000000000000000e+02,7.437499761581420898e-01,6.252388358116149902e-01
3.040000000000000000e+02,7.410714030265808105e-01,6.225425004959106445e-01
3.050000000000000000e+02,7.435714006423950195e-01,6.199737191200256348e-01
3.060000000000000000e+02,7.471428513526916504e-01,6.171267032623291016e-01
3.070000000000000000e+02,7.489285469055175781e-01,6.195860505104064941e-01
3.080000000000000000e+02,7.451785802841186523e-01,6.244377493858337402e-01
3.090000000000000000e+02,7.476785778999328613e-01,6.226646304130554199e-01
3.100000000000000000e+02,7.464285492897033691e-01,6.154480576515197754e-01
3.110000000000000000e+02,7.512500286102294922e-01,6.232480406761169434e-01
3.120000000000000000e+02,7.433928847312927246e-01,6.250164508819580078e-01
3.130000000000000000e+02,7.500000000000000000e-01,6.173358559608459473e-01
3.140000000000000000e+02,7.489285469055175781e-01,6.201963424682617188e-01
3.150000000000000000e+02,7.428571581840515137e-01,6.209956407546997070e-01
3.160000000000000000e+02,7.496428489685058594e-01,6.155427098274230957e-01
3.170000000000000000e+02,7.503571510314941406e-01,6.171804666519165039e-01
3.180000000000000000e+02,7.512500286102294922e-01,6.210030913352966309e-01
3.190000000000000000e+02,7.512500286102294922e-01,6.202031373977661133e-01
3.200000000000000000e+02,7.480357289314270020e-01,6.177555322647094727e-01
3.210000000000000000e+02,7.473214268684387207e-01,6.175190806388854980e-01
3.220000000000000000e+02,7.457143068313598633e-01,6.177982687950134277e-01
3.230000000000000000e+02,7.501785755157470703e-01,6.151533126831054688e-01
3.240000000000000000e+02,7.480357289314270020e-01,6.183646917343139648e-01
3.250000000000000000e+02,7.498214244842529297e-01,6.148439645767211914e-01
3.260000000000000000e+02,7.517856955528259277e-01,6.172572374343872070e-01
3.270000000000000000e+02,7.455357313156127930e-01,6.136635541915893555e-01
3.280000000000000000e+02,7.530357241630554199e-01,6.135109663009643555e-01
3.290000000000000000e+02,7.505357265472412109e-01,6.157807111740112305e-01
3.300000000000000000e+02,7.571428418159484863e-01,6.118437647819519043e-01
3.310000000000000000e+02,7.503571510314941406e-01,6.167364716529846191e-01
3.320000000000000000e+02,7.580357193946838379e-01,6.115913391113281250e-01
3.330000000000000000e+02,7.573214173316955566e-01,6.122885346412658691e-01
3.340000000000000000e+02,7.500000000000000000e-01,6.152939796447753906e-01
3.350000000000000000e+02,7.498214244842529297e-01,6.096510887145996094e-01
3.360000000000000000e+02,7.576785683631896973e-01,6.140334606170654297e-01
3.370000000000000000e+02,7.558928728103637695e-01,6.088836193084716797e-01
3.380000000000000000e+02,7.514285445213317871e-01,6.088665127754211426e-01
3.390000000000000000e+02,7.562500238418579102e-01,6.099817156791687012e-01
3.400000000000000000e+02,7.517856955528259277e-01,6.155166625976562500e-01
3.410000000000000000e+02,7.524999976158142090e-01,6.160800457000732422e-01
3.420000000000000000e+02,7.557142972946166992e-01,6.153048872947692871e-01
3.430000000000000000e+02,7.524999976158142090e-01,6.120439767837524414e-01
3.440000000000000000e+02,7.523214221000671387e-01,6.137830615043640137e-01
3.450000000000000000e+02,7.546428442001342773e-01,6.071317791938781738e-01
3.460000000000000000e+02,7.464285492897033691e-01,6.130560040473937988e-01
3.470000000000000000e+02,7.608928680419921875e-01,6.094079613685607910e-01
3.480000000000000000e+02,7.591071724891662598e-01,6.055438518524169922e-01
3.490000000000000000e+02,7.516071200370788574e-01,6.106104850769042969e-01
3.500000000000000000e+02,7.562500238418579102e-01,6.045669317245483398e-01
3.510000000000000000e+02,7.508928775787353516e-01,6.067070960998535156e-01
3.520000000000000000e+02,7.514285445213317871e-01,6.120339632034301758e-01
3.530000000000000000e+02,7.492856979370117188e-01,6.141000986099243164e-01
3.540000000000000000e+02,7.492856979370117188e-01,6.119885444641113281e-01
3.550000000000000000e+02,7.492856979370117188e-01,6.118442416191101074e-01
3.560000000000000000e+02,7.532142996788024902e-01,6.051362156867980957e-01
3.570000000000000000e+02,7.603571414947509766e-01,6.055725216865539551e-01
3.580000000000000000e+02,7.589285969734191895e-01,6.038736104965209961e-01
3.590000000000000000e+02,7.569642663002014160e-01,6.043512225151062012e-01
3.600000000000000000e+02,7.521428465843200684e-01,6.081018447875976562e-01
3.610000000000000000e+02,7.514285445213317871e-01,6.076905727386474609e-01
3.620000000000000000e+02,7.589285969734191895e-01,5.998582839965820312e-01
3.630000000000000000e+02,7.576785683631896973e-01,6.033735871315002441e-01
3.640000000000000000e+02,7.573214173316955566e-01,6.011676788330078125e-01
3.650000000000000000e+02,7.580357193946838379e-01,6.054717898368835449e-01
3.660000000000000000e+02,7.555357217788696289e-01,6.035884022712707520e-01
3.670000000000000000e+02,7.521428465843200684e-01,6.025537848472595215e-01
3.680000000000000000e+02,7.624999880790710449e-01,6.052322387695312500e-01
3.690000000000000000e+02,7.524999976158142090e-01,6.054027676582336426e-01
3.700000000000000000e+02,7.616071701049804688e-01,6.024988889694213867e-01
3.710000000000000000e+02,7.605357170104980469e-01,5.993230938911437988e-01
3.720000000000000000e+02,7.594642639160156250e-01,5.989413857460021973e-01
3.730000000000000000e+02,7.564285993576049805e-01,5.977757573127746582e-01
3.740000000000000000e+02,7.553571462631225586e-01,6.006448864936828613e-01
3.750000000000000000e+02,7.641071677207946777e-01,5.996483564376831055e-01
3.760000000000000000e+02,7.591071724891662598e-01,6.060875058174133301e-01
3.770000000000000000e+02,7.580357193946838379e-01,5.960133671760559082e-01
3.780000000000000000e+02,7.599999904632568359e-01,5.952472090721130371e-01
3.790000000000000000e+02,7.592856884002685547e-01,6.011677980422973633e-01
3.800000000000000000e+02,7.548214197158813477e-01,6.008582711219787598e-01
3.810000000000000000e+02,7.585714459419250488e-01,5.963447093963623047e-01
3.820000000000000000e+02,7.578571438789367676e-01,5.974513292312622070e-01
3.830000000000000000e+02,7.571428418159484863e-01,6.050353646278381348e-01
3.840000000000000000e+02,7.601785659790039062e-01,6.009321808815002441e-01
3.850000000000000000e+02,7.641071677207946777e-01,5.981429815292358398e-01
3.860000000000000000e+02,7.617856860160827637e-01,5.945243835449218750e-01
3.870000000000000000e+02,7.617856860160827637e-01,5.971705317497253418e-01
3.880000000000000000e+02,7.624999880790710449e-01,5.942385196685791016e-01
3.890000000000000000e+02,7.630357146263122559e-01,5.996609330177307129e-01
3.900000000000000000e+02,7.605357170104980469e-01,5.989705324172973633e-01
3.910000000000000000e+02,7.641071677207946777e-01,6.011590361595153809e-01
3.920000000000000000e+02,7.587500214576721191e-01,5.974593162536621094e-01
3.930000000000000000e+02,7.616071701049804688e-01,5.936703681945800781e-01
3.940000000000000000e+02,7.607142925262451172e-01,5.972914099693298340e-01
3.950000000000000000e+02,7.576785683631896973e-01,5.954478979110717773e-01
3.960000000000000000e+02,7.605357170104980469e-01,5.975195169448852539e-01
3.970000000000000000e+02,7.621428370475769043e-01,5.956251025199890137e-01
3.980000000000000000e+02,7.592856884002685547e-01,5.951057076454162598e-01
3.990000000000000000e+02,7.623214125633239746e-01,5.934731364250183105e-01
4.000000000000000000e+02,7.612500190734863281e-01,5.899014472961425781e-01
4.010000000000000000e+02,7.623214125633239746e-01,5.876658558845520020e-01
4.020000000000000000e+02,7.580357193946838379e-01,5.959591865539550781e-01
4.030000000000000000e+02,7.633928656578063965e-01,5.933328866958618164e-01
4.040000000000000000e+02,7.642857432365417480e-01,5.931925177574157715e-01
4.050000000000000000e+02,7.630357146263122559e-01,5.951037406921386719e-01
4.060000000000000000e+02,7.610714435577392578e-01,5.983507633209228516e-01
4.070000000000000000e+02,7.630357146263122559e-01,5.933988094329833984e-01
4.080000000000000000e+02,7.601785659790039062e-01,5.933473706245422363e-01
4.090000000000000000e+02,7.653571367263793945e-01,5.913183689117431641e-01
4.100000000000000000e+02,7.726785540580749512e-01,5.837846398353576660e-01
4.110000000000000000e+02,7.630357146263122559e-01,5.908707380294799805e-01
4.120000000000000000e+02,7.648214101791381836e-01,5.898738503456115723e-01
4.130000000000000000e+02,7.569642663002014160e-01,5.930315256118774414e-01
4.140000000000000000e+02,7.592856884002685547e-01,5.875834822654724121e-01
4.150000000000000000e+02,7.632142901420593262e-01,5.895954370498657227e-01
4.160000000000000000e+02,7.648214101791381836e-01,5.904225111007690430e-01
4.170000000000000000e+02,7.583928704261779785e-01,5.982132554054260254e-01
4.180000000000000000e+02,7.607142925262451172e-01,5.894701480865478516e-01
4.190000000000000000e+02,7.642857432365417480e-01,5.852365493774414062e-01
4.200000000000000000e+02,7.667857408523559570e-01,5.887764692306518555e-01
4.210000000000000000e+02,7.612500190734863281e-01,5.884733200073242188e-01
4.220000000000000000e+02,7.678571343421936035e-01,5.809205770492553711e-01
4.230000000000000000e+02,7.607142925262451172e-01,5.904724001884460449e-01
4.240000000000000000e+02,7.633928656578063965e-01,5.884624123573303223e-01
4.250000000000000000e+02,7.676785588264465332e-01,5.871204733848571777e-01
4.260000000000000000e+02,7.617856860160827637e-01,5.885797739028930664e-01
4.270000000000000000e+02,7.648214101791381836e-01,5.875300168991088867e-01
4.280000000000000000e+02,7.637500166893005371e-01,5.847931504249572754e-01
4.290000000000000000e+02,7.658928632736206055e-01,5.823301076889038086e-01
4.300000000000000000e+02,7.646428346633911133e-01,5.850715041160583496e-01
4.310000000000000000e+02,7.651785612106323242e-01,5.865619182586669922e-01
4.320000000000000000e+02,7.641071677207946777e-01,5.934440493583679199e-01
4.330000000000000000e+02,7.664285898208618164e-01,5.863577127456665039e-01
4.340000000000000000e+02,7.657142877578735352e-01,5.833354592323303223e-01
4.350000000000000000e+02,7.667857408523559570e-01,5.880264043807983398e-01
4.360000000000000000e+02,7.678571343421936035e-01,5.824050307273864746e-01
4.370000000000000000e+02,7.648214101791381836e-01,5.886031389236450195e-01
4.380000000000000000e+02,7.678571343421936035e-01,5.846207737922668457e-01
4.390000000000000000e+02,7.692857384681701660e-01,5.815103054046630859e-01
4.400000000000000000e+02,7.716071605682373047e-01,5.826908349990844727e-01
4.410000000000000000e+02,7.648214101791381836e-01,5.821808576583862305e-01
4.420000000000000000e+02,7.667857408523559570e-01,5.813995599746704102e-01
4.430000000000000000e+02,7.698214054107666016e-01,5.793656110763549805e-01
4.440000000000000000e+02,7.664285898208618164e-01,5.871248245239257812e-01
4.450000000000000000e+02,7.678571343421936035e-01,5.840109586715698242e-01
4.460000000000000000e+02,7.721428275108337402e-01,5.854313969612121582e-01
4.470000000000000000e+02,7.678571343421936035e-01,5.810924172401428223e-01
4.480000000000000000e+02,7.692857384681701660e-01,5.772998929023742676e-01
4.490000000000000000e+02,7.712500095367431641e-01,5.813876390457153320e-01
4.500000000000000000e+02,7.639285922050476074e-01,5.839734077453613281e-01
4.510000000000000000e+02,7.705357074737548828e-01,5.767282843589782715e-01
4.520000000000000000e+02,7.687500119209289551e-01,5.830676555633544922e-01
4.530000000000000000e+02,7.671428322792053223e-01,5.814790129661560059e-01
4.540000000000000000e+02,7.703571319580078125e-01,5.815266370773315430e-01
4.550000000000000000e+02,7.714285850524902344e-01,5.786930918693542480e-01
4.560000000000000000e+02,7.691071629524230957e-01,5.784536004066467285e-01
4.570000000000000000e+02,7.732142806053161621e-01,5.792605876922607422e-01
4.580000000000000000e+02,7.671428322792053223e-01,5.780903100967407227e-01
4.590000000000000000e+02,7.683928608894348145e-01,5.784243941307067871e-01
4.600000000000000000e+02,7.664285898208618164e-01,5.852087140083312988e-01
4.610000000000000000e+02,7.732142806053161621e-01,5.740386843681335449e-01
4.620000000000000000e+02,7.685714364051818848e-01,5.767552256584167480e-01
4.630000000000000000e+02,7.733928561210632324e-01,5.743423700332641602e-01
4.640000000000000000e+02,7.678571343421936035e-01,5.781024098396301270e-01
4.650000000000000000e+02,7.701785564422607422e-01,5.793052315711975098e-01
4.660000000000000000e+02,7.703571319580078125e-01,5.793955922126770020e-01
4.670000000000000000e+02,7.721428275108337402e-01,5.769454240798950195e-01
4.680000000000000000e+02,7.726785540580749512e-01,5.727319121360778809e-01
4.690000000000000000e+02,7.653571367263793945e-01,5.778427720069885254e-01
4.700000000000000000e+02,7.683928608894348145e-01,5.814476013183593750e-01
4.710000000000000000e+02,7.758928537368774414e-01,5.736740827560424805e-01
4.720000000000000000e+02,7.707142829895019531e-01,5.796556472778320312e-01
4.730000000000000000e+02,7.749999761581420898e-01,5.764341950416564941e-01
4.740000000000000000e+02,7.714285850524902344e-01,5.746181011199951172e-01
4.750000000000000000e+02,7.723214030265808105e-01,5.744262337684631348e-01
4.760000000000000000e+02,7.703571319580078125e-01,5.756642222404479980e-01
4.770000000000000000e+02,7.694643139839172363e-01,5.783674716949462891e-01
4.780000000000000000e+02,7.716071605682373047e-01,5.797803401947021484e-01
4.790000000000000000e+02,7.705357074737548828e-01,5.723652243614196777e-01
4.800000000000000000e+02,7.699999809265136719e-01,5.725696086883544922e-01
4.810000000000000000e+02,7.648214101791381836e-01,5.747902393341064453e-01
4.820000000000000000e+02,7.701785564422607422e-01,5.788840055465698242e-01
4.830000000000000000e+02,7.703571319580078125e-01,5.742142796516418457e-01
4.840000000000000000e+02,7.658928632736206055e-01,5.744974017143249512e-01
4.850000000000000000e+02,7.751785516738891602e-01,5.722653269767761230e-01
4.860000000000000000e+02,7.739285826683044434e-01,5.726473331451416016e-01
4.870000000000000000e+02,7.733928561210632324e-01,5.728269815444946289e-01
4.880000000000000000e+02,7.776785492897033691e-01,5.729147791862487793e-01
4.890000000000000000e+02,7.630357146263122559e-01,5.764431953430175781e-01
4.900000000000000000e+02,7.741071581840515137e-01,5.734609365463256836e-01
4.910000000000000000e+02,7.762500047683715820e-01,5.687795877456665039e-01
4.920000000000000000e+02,7.716071605682373047e-01,5.715503692626953125e-01
4.930000000000000000e+02,7.764285802841186523e-01,5.701484680175781250e-01
4.940000000000000000e+02,7.730357050895690918e-01,5.721160173416137695e-01
4.950000000000000000e+02,7.741071581840515137e-01,5.721148848533630371e-01
4.960000000000000000e+02,7.698214054107666016e-01,5.703760981559753418e-01
4.970000000000000000e+02,7.735714316368103027e-01,5.698623061180114746e-01
4.980000000000000000e+02,7.678571343421936035e-01,5.680563449859619141e-01
4.990000000000000000e+02,7.719643115997314453e-01,5.749949216842651367e-01
5.000000000000000000e+02,7.780357003211975098e-01,5.657574534416198730e-01
5.010000000000000000e+02,7.721428275108337402e-01,5.708923935890197754e-01
5.020000000000000000e+02,7.714285850524902344e-01,5.712013244628906250e-01
5.030000000000000000e+02,7.685714364051818848e-01,5.721181631088256836e-01
5.040000000000000000e+02,7.776785492897033691e-01,5.705758929252624512e-01
5.050000000000000000e+02,7.757142782211303711e-01,5.675840377807617188e-01
5.060000000000000000e+02,7.694643139839172363e-01,5.679650306701660156e-01
5.070000000000000000e+02,7.764285802841186523e-01,5.633881092071533203e-01
5.080000000000000000e+02,7.717857360839843750e-01,5.685948729515075684e-01
5.090000000000000000e+02,7.719643115997314453e-01,5.700917243957519531e-01
5.100000000000000000e+02,7.748214006423950195e-01,5.651357173919677734e-01
5.110000000000000000e+02,7.751785516738891602e-01,5.660414099693298340e-01
5.120000000000000000e+02,7.787500023841857910e-01,5.670953392982482910e-01
5.130000000000000000e+02,7.748214006423950195e-01,5.681701898574829102e-01
5.140000000000000000e+02,7.717857360839843750e-01,5.679158568382263184e-01
5.150000000000000000e+02,7.816071510314941406e-01,5.650089383125305176e-01
5.160000000000000000e+02,7.746428847312927246e-01,5.685815811157226562e-01
5.170000000000000000e+02,7.744643092155456543e-01,5.648005604743957520e-01
5.180000000000000000e+02,7.751785516738891602e-01,5.649105906486511230e-01
5.190000000000000000e+02,7.783928513526916504e-01,5.605624318122863770e-01
5.200000000000000000e+02,7.778571248054504395e-01,5.656253695487976074e-01
5.210000000000000000e+02,7.753571271896362305e-01,5.732395052909851074e-01
5.220000000000000000e+02,7.732142806053161621e-01,5.695652365684509277e-01
5.230000000000000000e+02,7.785714268684387207e-01,5.643298029899597168e-01
5.240000000000000000e+02,7.749999761581420898e-01,5.646401643753051758e-01
5.250000000000000000e+02,7.724999785423278809e-01,5.667303204536437988e-01
5.260000000000000000e+02,7.766071557998657227e-01,5.599586367607116699e-01
5.270000000000000000e+02,7.782142758369445801e-01,5.613300204277038574e-01
5.280000000000000000e+02,7.730357050895690918e-01,5.756134390830993652e-01
5.290000000000000000e+02,7.796428799629211426e-01,5.586154460906982422e-01
5.300000000000000000e+02,7.760714292526245117e-01,5.679211616516113281e-01
5.310000000000000000e+02,7.764285802841186523e-01,5.604038238525390625e-01
5.320000000000000000e+02,7.760714292526245117e-01,5.638275742530822754e-01
5.330000000000000000e+02,7.758928537368774414e-01,5.648577809333801270e-01
5.340000000000000000e+02,7.732142806053161621e-01,5.635020136833190918e-01
5.350000000000000000e+02,7.789285778999328613e-01,5.603405833244323730e-01
5.360000000000000000e+02,7.819643020629882812e-01,5.592772960662841797e-01
5.370000000000000000e+02,7.771428823471069336e-01,5.584241747856140137e-01
5.380000000000000000e+02,7.792857289314270020e-01,5.595322251319885254e-01
5.390000000000000000e+02,7.807142734527587891e-01,5.603888630867004395e-01
5.400000000000000000e+02,7.783928513526916504e-01,5.608561635017395020e-01
5.410000000000000000e+02,7.778571248054504395e-01,5.567878484725952148e-01
5.420000000000000000e+02,7.771428823471069336e-01,5.689749121665954590e-01
5.430000000000000000e+02,7.783928513526916504e-01,5.621885061264038086e-01
5.440000000000000000e+02,7.766071557998657227e-01,5.610530972480773926e-01
5.450000000000000000e+02,7.794643044471740723e-01,5.604808330535888672e-01
5.460000000000000000e+02,7.805356979370117188e-01,5.621690750122070312e-01
5.470000000000000000e+02,7.798214554786682129e-01,5.594497919082641602e-01
5.480000000000000000e+02,7.764285802841186523e-01,5.600981712341308594e-01
5.490000000000000000e+02,7.748214006423950195e-01,5.599114298820495605e-01
5.500000000000000000e+02,7.748214006423950195e-01,5.637862086296081543e-01
5.510000000000000000e+02,7.805356979370117188e-01,5.600655078887939453e-01
5.520000000000000000e+02,7.755357027053833008e-01,5.563696026802062988e-01
5.530000000000000000e+02,7.819643020629882812e-01,5.588237047195434570e-01
5.540000000000000000e+02,7.791071534156799316e-01,5.593653917312622070e-01
5.550000000000000000e+02,7.785714268684387207e-01,5.582923293113708496e-01
5.560000000000000000e+02,7.776785492897033691e-01,5.524550080299377441e-01
5.570000000000000000e+02,7.796428799629211426e-01,5.547713041305541992e-01
5.580000000000000000e+02,7.766071557998657227e-01,5.586924552917480469e-01
5.590000000000000000e+02,7.780357003211975098e-01,5.531880259513854980e-01
5.600000000000000000e+02,7.803571224212646484e-01,5.545167922973632812e-01
5.610000000000000000e+02,7.773214578628540039e-01,5.533902645111083984e-01
5.620000000000000000e+02,7.755357027053833008e-01,5.616618990898132324e-01
5.630000000000000000e+02,7.816071510314941406e-01,5.594933629035949707e-01
5.640000000000000000e+02,7.799999713897705078e-01,5.572498440742492676e-01
5.650000000000000000e+02,7.812500000000000000e-01,5.585327744483947754e-01
5.660000000000000000e+02,7.810714244842529297e-01,5.553362369537353516e-01
5.670000000000000000e+02,7.812500000000000000e-01,5.566514134407043457e-01
5.680000000000000000e+02,7.776785492897033691e-01,5.581135153770446777e-01
5.690000000000000000e+02,7.801785469055175781e-01,5.529930591583251953e-01
5.700000000000000000e+02,7.850000262260437012e-01,5.541834235191345215e-01
5.710000000000000000e+02,7.760714292526245117e-01,5.603239536285400391e-01
5.720000000000000000e+02,7.826785445213317871e-01,5.562124252319335938e-01
5.730000000000000000e+02,7.819643020629882812e-01,5.556647777557373047e-01
5.740000000000000000e+02,7.805356979370117188e-01,5.546736121177673340e-01
5.750000000000000000e+02,7.832142710685729980e-01,5.527011752128601074e-01
5.760000000000000000e+02,7.730357050895690918e-01,5.604376196861267090e-01
5.770000000000000000e+02,7.789285778999328613e-01,5.574893355369567871e-01
5.780000000000000000e+02,7.780357003211975098e-01,5.547741651535034180e-01
5.790000000000000000e+02,7.844642996788024902e-01,5.502169132232666016e-01
5.800000000000000000e+02,7.823214530944824219e-01,5.514795184135437012e-01
5.810000000000000000e+02,7.880356907844543457e-01,5.489166975021362305e-01
5.820000000000000000e+02,7.792857289314270020e-01,5.514710545539855957e-01
5.830000000000000000e+02,7.785714268684387207e-01,5.560765266418457031e-01
5.840000000000000000e+02,7.794643044471740723e-01,5.536147356033325195e-01
5.850000000000000000e+02,7.828571200370788574e-01,5.547893047332763672e-01
5.860000000000000000e+02,7.878571152687072754e-01,5.479328036308288574e-01
5.870000000000000000e+02,7.839285731315612793e-01,5.488532781600952148e-01
5.880000000000000000e+02,7.825000286102294922e-01,5.518963336944580078e-01
5.890000000000000000e+02,7.851785421371459961e-01,5.512402057647705078e-01
5.900000000000000000e+02,7.774999737739562988e-01,5.543906688690185547e-01
5.910000000000000000e+02,7.799999713897705078e-01,5.552768111228942871e-01
5.920000000000000000e+02,7.912499904632568359e-01,5.440411567687988281e-01
5.930000000000000000e+02,7.808928489685058594e-01,5.582559108734130859e-01
5.940000000000000000e+02,7.796428799629211426e-01,5.482931733131408691e-01
5.950000000000000000e+02,7.830356955528259277e-01,5.528003573417663574e-01
5.960000000000000000e+02,7.789285778999328613e-01,5.556761622428894043e-01
5.970000000000000000e+02,7.833928465843200684e-01,5.483154058456420898e-01
5.980000000000000000e+02,7.787500023841857910e-01,5.489397048950195312e-01
5.990000000000000000e+02,7.873214483261108398e-01,5.498673915863037109e-01
6.000000000000000000e+02,7.883928418159484863e-01,5.385755896568298340e-01
6.010000000000000000e+02,7.803571224212646484e-01,5.536627769470214844e-01
6.020000000000000000e+02,7.898214459419250488e-01,5.467770695686340332e-01
6.030000000000000000e+02,7.857142686843872070e-01,5.479298233985900879e-01
6.040000000000000000e+02,7.864285707473754883e-01,5.466979146003723145e-01
6.050000000000000000e+02,7.832142710685729980e-01,5.521617531776428223e-01
6.060000000000000000e+02,7.816071510314941406e-01,5.483413934707641602e-01
6.070000000000000000e+02,7.808928489685058594e-01,5.428524017333984375e-01
6.080000000000000000e+02,7.839285731315612793e-01,5.525175929069519043e-01
6.090000000000000000e+02,7.778571248054504395e-01,5.539385080337524414e-01
6.100000000000000000e+02,7.817857265472412109e-01,5.477928519248962402e-01
6.110000000000000000e+02,7.799999713897705078e-01,5.505102276802062988e-01
6.120000000000000000e+02,7.842857241630554199e-01,5.465834140777587891e-01
6.130000000000000000e+02,7.783928513526916504e-01,5.468251109123229980e-01
6.140000000000000000e+02,7.819643020629882812e-01,5.512855052947998047e-01
6.150000000000000000e+02,7.816071510314941406e-01,5.500895977020263672e-01
6.160000000000000000e+02,7.844642996788024902e-01,5.422122478485107422e-01
6.170000000000000000e+02,7.810714244842529297e-01,5.470262169837951660e-01
6.180000000000000000e+02,7.880356907844543457e-01,5.481644272804260254e-01
6.190000000000000000e+02,7.787500023841857910e-01,5.494523644447326660e-01
6.200000000000000000e+02,7.867857217788696289e-01,5.432670712471008301e-01
6.210000000000000000e+02,7.857142686843872070e-01,5.450981259346008301e-01
6.220000000000000000e+02,7.814285755157470703e-01,5.486308336257934570e-01
6.230000000000000000e+02,7.867857217788696289e-01,5.464813113212585449e-01
6.240000000000000000e+02,7.862499952316284180e-01,5.437110662460327148e-01
6.250000000000000000e+02,7.791071534156799316e-01,5.446925759315490723e-01
6.260000000000000000e+02,7.837499976158142090e-01,5.486546754837036133e-01
6.270000000000000000e+02,7.848214507102966309e-01,5.462819933891296387e-01
6.280000000000000000e+02,7.832142710685729980e-01,5.439147949218750000e-01
6.290000000000000000e+02,7.839285731315612793e-01,5.475256443023681641e-01
6.300000000000000000e+02,7.903571724891662598e-01,5.367469787597656250e-01
6.310000000000000000e+02,7.858928442001342773e-01,5.434404015541076660e-01
6.320000000000000000e+02,7.807142734527587891e-01,5.450599789619445801e-01
6.330000000000000000e+02,7.842857241630554199e-01,5.462909936904907227e-01
6.340000000000000000e+02,7.826785445213317871e-01,5.442284941673278809e-01
6.350000000000000000e+02,7.828571200370788574e-01,5.429115295410156250e-01
6.360000000000000000e+02,7.832142710685729980e-01,5.474823713302612305e-01
6.370000000000000000e+02,7.862499952316284180e-01,5.473327040672302246e-01
6.380000000000000000e+02,7.841071486473083496e-01,5.413712859153747559e-01
6.390000000000000000e+02,7.885714173316955566e-01,5.396451354026794434e-01
6.400000000000000000e+02,7.882142663002014160e-01,5.429701805114746094e-01
6.410000000000000000e+02,7.794643044471740723e-01,5.422561168670654297e-01
6.420000000000000000e+02,7.853571176528930664e-01,5.400836467742919922e-01
6.430000000000000000e+02,7.846428751945495605e-01,5.440651774406433105e-01
6.440000000000000000e+02,7.925000190734863281e-01,5.387505292892456055e-01
6.450000000000000000e+02,7.878571152687072754e-01,5.424124002456665039e-01
6.460000000000000000e+02,7.850000262260437012e-01,5.413001775741577148e-01
6.470000000000000000e+02,7.846428751945495605e-01,5.425682067871093750e-01
6.480000000000000000e+02,7.826785445213317871e-01,5.415383577346801758e-01
6.490000000000000000e+02,7.841071486473083496e-01,5.388255119323730469e-01
6.500000000000000000e+02,7.828571200370788574e-01,5.415440201759338379e-01
6.510000000000000000e+02,7.857142686843872070e-01,5.417267084121704102e-01
6.520000000000000000e+02,7.864285707473754883e-01,5.437182188034057617e-01
6.530000000000000000e+02,7.855356931686401367e-01,5.368465185165405273e-01
6.540000000000000000e+02,7.878571152687072754e-01,5.399318337440490723e-01
6.550000000000000000e+02,7.830356955528259277e-01,5.405221581459045410e-01
6.560000000000000000e+02,7.878571152687072754e-01,5.445451140403747559e-01
6.570000000000000000e+02,7.832142710685729980e-01,5.432566404342651367e-01
6.580000000000000000e+02,7.958928346633911133e-01,5.329210758209228516e-01
6.590000000000000000e+02,7.857142686843872070e-01,5.388185977935791016e-01
6.600000000000000000e+02,7.882142663002014160e-01,5.383498668670654297e-01
6.610000000000000000e+02,7.873214483261108398e-01,5.389404892921447754e-01
6.620000000000000000e+02,7.844642996788024902e-01,5.389832854270935059e-01
6.630000000000000000e+02,7.901785969734191895e-01,5.324131846427917480e-01
6.640000000000000000e+02,7.898214459419250488e-01,5.378337502479553223e-01
6.650000000000000000e+02,7.864285707473754883e-01,5.397734045982360840e-01
6.660000000000000000e+02,7.866071462631225586e-01,5.401286482810974121e-01
6.670000000000000000e+02,7.880356907844543457e-01,5.368217825889587402e-01
6.680000000000000000e+02,7.862499952316284180e-01,5.372250080108642578e-01
6.690000000000000000e+02,7.823214530944824219e-01,5.440408587455749512e-01
6.700000000000000000e+02,7.907142639160156250e-01,5.296106338500976562e-01
6.710000000000000000e+02,7.919642925262451172e-01,5.346380472183227539e-01
6.720000000000000000e+02,7.905356884002685547e-01,5.377724766731262207e-01
6.730000000000000000e+02,7.908928394317626953e-01,5.323420763015747070e-01
6.740000000000000000e+02,7.862499952316284180e-01,5.383966565132141113e-01
6.750000000000000000e+02,7.876785993576049805e-01,5.327115654945373535e-01
6.760000000000000000e+02,7.828571200370788574e-01,5.348202586174011230e-01
6.770000000000000000e+02,7.835714221000671387e-01,5.350133180618286133e-01
6.780000000000000000e+02,7.887499928474426270e-01,5.344142317771911621e-01
6.790000000000000000e+02,7.860714197158813477e-01,5.348284244537353516e-01
6.800000000000000000e+02,7.835714221000671387e-01,5.352399349212646484e-01
6.810000000000000000e+02,7.866071462631225586e-01,5.449298620223999023e-01
6.820000000000000000e+02,7.873214483261108398e-01,5.317016839981079102e-01
6.830000000000000000e+02,7.848214507102966309e-01,5.346523523330688477e-01
6.840000000000000000e+02,7.885714173316955566e-01,5.365357995033264160e-01
6.850000000000000000e+02,7.853571176528930664e-01,5.361119508743286133e-01
6.860000000000000000e+02,7.858928442001342773e-01,5.360074043273925781e-01
6.870000000000000000e+02,7.900000214576721191e-01,5.328726172447204590e-01
6.880000000000000000e+02,7.891071438789367676e-01,5.321616530418395996e-01
6.890000000000000000e+02,7.900000214576721191e-01,5.334885120391845703e-01
6.900000000000000000e+02,7.867857217788696289e-01,5.312018990516662598e-01
6.910000000000000000e+02,7.880356907844543457e-01,5.339561700820922852e-01
6.920000000000000000e+02,7.875000238418579102e-01,5.320266485214233398e-01
6.930000000000000000e+02,7.923214435577392578e-01,5.333092212677001953e-01
6.940000000000000000e+02,7.900000214576721191e-01,5.322353839874267578e-01
6.950000000000000000e+02,7.889285683631896973e-01,5.296142697334289551e-01
6.960000000000000000e+02,7.837499976158142090e-01,5.379496812820434570e-01
6.970000000000000000e+02,7.921428680419921875e-01,5.323053002357482910e-01
6.980000000000000000e+02,7.907142639160156250e-01,5.288174152374267578e-01
6.990000000000000000e+02,7.887499928474426270e-01,5.343760251998901367e-01
7.000000000000000000e+02,7.921428680419921875e-01,5.364112257957458496e-01
7.010000000000000000e+02,7.898214459419250488e-01,5.312717556953430176e-01
7.020000000000000000e+02,7.912499904632568359e-01,5.340290069580078125e-01
7.030000000000000000e+02,7.883928418159484863e-01,5.340542793273925781e-01
7.040000000000000000e+02,7.885714173316955566e-01,5.329772233963012695e-01
7.050000000000000000e+02,7.910714149475097656e-01,5.318305492401123047e-01
7.060000000000000000e+02,7.908928394317626953e-01,5.321288704872131348e-01
7.070000000000000000e+02,7.978571653366088867e-01,5.294687747955322266e-01
7.080000000000000000e+02,7.850000262260437012e-01,5.343636274337768555e-01
7.090000000000000000e+02,7.910714149475097656e-01,5.232636332511901855e-01
7.100000000000000000e+02,7.871428728103637695e-01,5.319190621376037598e-01
7.110000000000000000e+02,7.914285659790039062e-01,5.292891860008239746e-01
7.120000000000000000e+02,7.848214507102966309e-01,5.362178683280944824e-01
7.130000000000000000e+02,7.937499880790710449e-01,5.255681276321411133e-01
7.140000000000000000e+02,7.923214435577392578e-01,5.294829607009887695e-01
7.150000000000000000e+02,7.887499928474426270e-01,5.307596921920776367e-01
7.160000000000000000e+02,7.876785993576049805e-01,5.303900837898254395e-01
7.170000000000000000e+02,7.882142663002014160e-01,5.313186049461364746e-01
7.180000000000000000e+02,7.939285635948181152e-01,5.202177762985229492e-01
7.190000000000000000e+02,7.903571724891662598e-01,5.289272665977478027e-01
7.200000000000000000e+02,7.896428704261779785e-01,5.277005434036254883e-01
7.210000000000000000e+02,7.905356884002685547e-01,5.333963036537170410e-01
7.220000000000000000e+02,7.946428656578063965e-01,5.281592607498168945e-01
7.230000000000000000e+02,7.878571152687072754e-01,5.359957218170166016e-01
7.240000000000000000e+02,7.891071438789367676e-01,5.290631055831909180e-01
7.250000000000000000e+02,7.885714173316955566e-01,5.295180082321166992e-01
7.260000000000000000e+02,7.910714149475097656e-01,5.251750946044921875e-01
7.270000000000000000e+02,7.901785969734191895e-01,5.317814350128173828e-01
7.280000000000000000e+02,7.912499904632568359e-01,5.270407199859619141e-01
7.290000000000000000e+02,7.964285612106323242e-01,5.239567160606384277e-01
7.300000000000000000e+02,7.941071391105651855e-01,5.241539478302001953e-01
7.310000000000000000e+02,7.939285635948181152e-01,5.236291885375976562e-01
7.320000000000000000e+02,7.955357432365417480e-01,5.265923142433166504e-01
7.330000000000000000e+02,7.898214459419250488e-01,5.355517268180847168e-01
7.340000000000000000e+02,7.914285659790039062e-01,5.239018797874450684e-01
7.350000000000000000e+02,7.962499856948852539e-01,5.191557407379150391e-01
7.360000000000000000e+02,7.917857170104980469e-01,5.196975469589233398e-01
7.370000000000000000e+02,7.894642949104309082e-01,5.288506150245666504e-01
7.380000000000000000e+02,7.917857170104980469e-01,5.205936431884765625e-01
7.390000000000000000e+02,7.946428656578063965e-01,5.267381072044372559e-01
7.400000000000000000e+02,7.941071391105651855e-01,5.185607671737670898e-01
7.410000000000000000e+02,7.973214387893676758e-01,5.234682559967041016e-01
7.420000000000000000e+02,7.923214435577392578e-01,5.278275012969970703e-01
7.430000000000000000e+02,7.917857170104980469e-01,5.259685516357421875e-01
7.440000000000000000e+02,7.889285683631896973e-01,5.232031941413879395e-01
7.450000000000000000e+02,7.917857170104980469e-01,5.259874463081359863e-01
7.460000000000000000e+02,7.905356884002685547e-01,5.253157019615173340e-01
7.470000000000000000e+02,7.935714125633239746e-01,5.296262502670288086e-01
7.480000000000000000e+02,7.935714125633239746e-01,5.239555835723876953e-01
7.490000000000000000e+02,7.941071391105651855e-01,5.192718505859375000e-01
7.500000000000000000e+02,7.928571701049804688e-01,5.197241306304931641e-01
7.510000000000000000e+02,7.948214411735534668e-01,5.184791684150695801e-01
7.520000000000000000e+02,7.923214435577392578e-01,5.236904025077819824e-01
7.530000000000000000e+02,7.914285659790039062e-01,5.211148262023925781e-01
7.540000000000000000e+02,7.930356860160827637e-01,5.227019786834716797e-01
7.550000000000000000e+02,7.898214459419250488e-01,5.211207866668701172e-01
7.560000000000000000e+02,7.928571701049804688e-01,5.267360806465148926e-01
7.570000000000000000e+02,7.882142663002014160e-01,5.203621387481689453e-01
7.580000000000000000e+02,7.908928394317626953e-01,5.269453525543212891e-01
7.590000000000000000e+02,7.971428632736206055e-01,5.186119079589843750e-01
7.600000000000000000e+02,7.967857122421264648e-01,5.189612507820129395e-01
7.610000000000000000e+02,7.914285659790039062e-01,5.211799740791320801e-01
7.620000000000000000e+02,7.966071367263793945e-01,5.210815668106079102e-01
7.630000000000000000e+02,7.903571724891662598e-01,5.334767103195190430e-01
7.640000000000000000e+02,7.937499880790710449e-01,5.244863629341125488e-01
7.650000000000000000e+02,7.932142615318298340e-01,5.239385366439819336e-01
7.660000000000000000e+02,7.925000190734863281e-01,5.259957909584045410e-01
7.670000000000000000e+02,7.978571653366088867e-01,5.184571743011474609e-01
7.680000000000000000e+02,7.950000166893005371e-01,5.163826346397399902e-01
7.690000000000000000e+02,7.964285612106323242e-01,5.233532190322875977e-01
7.700000000000000000e+02,7.925000190734863281e-01,5.220941305160522461e-01
7.710000000000000000e+02,7.960714101791381836e-01,5.167629122734069824e-01
7.720000000000000000e+02,7.933928370475769043e-01,5.237262248992919922e-01
7.730000000000000000e+02,7.953571677207946777e-01,5.189872980117797852e-01
7.740000000000000000e+02,7.941071391105651855e-01,5.166960358619689941e-01
7.750000000000000000e+02,7.957142591476440430e-01,5.178203582763671875e-01
7.760000000000000000e+02,7.928571701049804688e-01,5.171037316322326660e-01
7.770000000000000000e+02,7.957142591476440430e-01,5.188865065574645996e-01
7.780000000000000000e+02,7.933928370475769043e-01,5.249301791191101074e-01
7.790000000000000000e+02,7.969642877578735352e-01,5.202087163925170898e-01
7.800000000000000000e+02,7.930356860160827637e-01,5.221051573753356934e-01
7.810000000000000000e+02,7.962499856948852539e-01,5.177426338195800781e-01
7.820000000000000000e+02,7.942857146263122559e-01,5.277868509292602539e-01
7.830000000000000000e+02,7.930356860160827637e-01,5.188138484954833984e-01
7.840000000000000000e+02,7.908928394317626953e-01,5.187586545944213867e-01
7.850000000000000000e+02,7.967857122421264648e-01,5.169117450714111328e-01
7.860000000000000000e+02,7.967857122421264648e-01,5.188723206520080566e-01
7.870000000000000000e+02,7.982142567634582520e-01,5.127212405204772949e-01
7.880000000000000000e+02,7.953571677207946777e-01,5.185013413429260254e-01
7.890000000000000000e+02,7.980357408523559570e-01,5.182551145553588867e-01
7.900000000000000000e+02,7.955357432365417480e-01,5.175939202308654785e-01
7.910000000000000000e+02,7.923214435577392578e-01,5.196694731712341309e-01
7.920000000000000000e+02,7.951785922050476074e-01,5.214911103248596191e-01
7.930000000000000000e+02,7.983928322792053223e-01,5.215117335319519043e-01
7.940000000000000000e+02,7.969642877578735352e-01,5.173577666282653809e-01
7.950000000000000000e+02,7.978571653366088867e-01,5.195759534835815430e-01
7.960000000000000000e+02,7.942857146263122559e-01,5.185055732727050781e-01
7.970000000000000000e+02,7.955357432365417480e-01,5.163410902023315430e-01
7.980000000000000000e+02,7.998214364051818848e-01,5.166849493980407715e-01
7.990000000000000000e+02,7.898214459419250488e-01,5.168116092681884766e-01
